id;mode;commentaire;lun_mat;lun_am;mar_mat;mar_am;mer_mat;mer_am;jeu_mat;jeu_am;ven_mat;ven_am;ddv
1;;;;;;;;;;;;;
2;;;;;;;;;;;;;
3;;;;;;;;;;;;;
4;;;;;;;;;;;;;
5;;;;;;;;;;;;;
6;;;;;;;;;;;;;
7;;;;;;;;;;;;;
8;;;;;;;;;;;;;
9;;;;;;;;;;;;;
10;;;;;;;;;;;;;
11;;;;;;;;;;;;;
12;;;;;;;;;;;;;
13;;;;;;;;;;;;;
14;;;;;;;;;;;;;
15;;;;;;;;;;;;;
16;;;;;;;;;;;;;
17;;;;;;;;;;;;;
18;;;;;;;;;;;;;
19;;;;;;;;;;;;;
20;RAPPELER;;;;;;;;;;;;
21;;;;;;;;;;;;;
22;;;;;;;;;;;;;
23;;;;;;;;;;;;;
24;;;;;;;;;;;;;
25;;;;;;;;;;;;;
26;;;;;;;;;;;;;
27;;;;;;;;;;;;;
28;RAPPELER;;;;;;;;;;;;
29;;;;;;;;;;;;;
30;;;;;;;;;;;;;
31;;;;;;;;;;;;;
32;;;;;;;;;;;;;
33;;;;;;;;;;;;;
34;;;;;;;;;;;;;
35;;;;;;;;;;;;;
36;;;;;;;;;;;;;
37;;;;;;;;;;;;;
38;;;;;;;;;;;;;
39;;;;;;;;;;;;;
40;;;;;;;;;;;;;
41;;;;;;;;;;;;;
42;;;;;;;;;;;;;
43;;;;;;;;;;;;;
44;;;;;;;;;;;;;
45;;;;;;;;;;;;;
46;RAPPELER;;;;;;;;;;;;
47;;;;;;;;;;;;;
48;;;;;;;;;;;;;
49;;;;;;;;;;;;;
50;;;;;;;;;;;;;
51;;;;;;;;;;;;;
52;RAPPELER;;;;;;;;;;;;
53;;;;;;;;;;;;;
54;RAPPELER;;;;;;;;;;;;1689857400
55;;;;;;;;;;;;;
56;;;;;;;;;;;;;
57;;;;;;;;;;;;;
58;L;;;;;;;;;;;;1694163600
59;RAPPELER;;;;;;;;;;;;
60;RAPPELER;;;;;;;;;;;;
61;RAPPELER;;;;;;;;;;;;
62;RAPPELER;;;;;;;;;;;;
63;;;;;;;;;;;;;
64;;;;;;;;;;;;;
65;;;;;;;;;;;;;
66;RAPPELER;;;;;;;;;;;;
67;;;;;;;;;;;;;
68;;;;;;;;;;;;;
69;;;;;;;;;;;;;
70;;;;;;;;;;;;;
71;;;;;;;;;;;;;
72;;;;;;;;;;;;;
73;;;;;;;;;;;;;
74;;;;;;;;;;;;;
75;;;;;;;;;;;;;
76;;;;;;;;;;;;;
77;;;;;;;;;;;;;
78;;;;;;;;;;;;;
79;;;;;;;;;;;;;
80;RAPPELER;;;;;;;;;;;;
81;;;;;;;;;;;;;
82;;;;;;;;;;;;;
83;;;;;;;;;;;;;
84;;;;;;;;;;;;;
85;;;;;;;;;;;;;
86;;;;;;;;;;;;;
87;;;;;;;;;;;;;
88;;;;;;;;;;;;;
89;;;;;;;;;;;;;
90;;;;;;;;;;;;;
91;;;;;;;;;;;;;
92;;;;;;;;;;;;;
93;;;;;;;;;;;;;
94;;;;;;;;;;;;;
95;;;;;;;;;;;;;
96;;;;;;;;;;;;;
97;;;;;;;;;;;;;
98;;;;;;;;;;;;;
99;;;;;;;;;;;;;
100;RAPPELER;;;;;;;;;;;;
101;;;;;;;;;;;;;
102;RAPPELER;;;;;;;;;;;;
103;RAPPELER;;;;;;;;;;;;
104;;;;;;;;;;;;;
105;;NRP?;;;;;;;;;;;
106;;;;;;;;;;;;;
107;;;;;;;;;;;;;
108;;;;;;;;;;;;;
109;;;;;;;;;;;;;
110;;;;;;;;;;;;;
111;;;;;;;;;;;;;
112;;;;;;;;;;;;;
113;;;;;;;;;;;;;
114;;;;;;;;;;;;;
115;;;;;;;;;;;;;
116;;;;;;;;;;;;;
117;;;;;;;;;;;;;
118;;;;;;;;;;;;;
119;;;;;;;;;;;;;
120;;;;;;;;;;;;;
121;;;;;;;;;;;;;
122;;;;;;;;;;;;;
123;;;;;;;;;;;;;
124;;;;;;;;;;;;;
125;;;;;;;;;;;;;
126;;;;;;;;;;;;;
127;;;;;;;;;;;;;
128;;;;;;;;;;;;;
129;;;;;;;;;;;;;
130;;;;;;;;;;;;;
131;;;;;;;;;;;;;
132;;;;;;;;;;;;;
133;;;;;;;;;;;;;
134;;;;;;;;;;;;;
135;;;;;;;;;;;;;
136;;;;;;;;;;;;;
137;;;;;;;;;;;;;
138;;;;;;;;;;;;;
139;;;;;;;;;;;;;
140;;;;;;;;;;;;;1687942800
141;;;;;;;;;;;;;1688036400
142;;;;;;;;;;;;;1687946400
143;;NPAI;;;;;;;;;;;
144;;;;;;;;;;;;;
145;;;;;;;;;;;;;1688032800
146;;;;;;;ok;;;;;;1687964400
147;;;;;;;;;;;;;
148;;;;;;;;;;;;;1687960800
149;;;;;;;;;;;;;
150;;;;;;;;;;;;;
151;;;;;;;;;;;;;
152;;;;;;;;;;;;;
153;;;;;;;;;;;;;
154;;;;;;;;;;;;;
155;RAPPELER;;;;;;;;;;;;
156;RAPPELER;;;;;;;;;;;;
157;;;;;;;;;;;;;
158;;;;;;;;;;;;;
159;;;;;;;;;;;;;
160;;;;;;;;;;;;;
161;;;;;;;;;;;;;
162;;;;;;;;;;;;;
163;;;;;;;;;;;;;
164;;;;;;;;;;;;;
165;L;2 VM MAX;10:00:00;;10:00:00;;10:00:00;;10:00:00;;;;1689066000
166;;;;;;;;;;;;;
167;;NRP?;;;;;;;;;;;1689759000
168;;;;;;;;;;;;;
169;;;;;;;;;;;;;
170;;;;;;;;;;;;;
171;;;;;;;;;;;;;
172;CHECK;NRP?;;;;;;;;;;;1689679800
173;;;;;;;;;;;;;
174;;;;;;;;;;;;;
175;;;;;;;;;;;;;
176;;;;;;;;;;;;;
177;;;;;;;;;;;;;
178;RAPPELER;;;;;;;;;;;;
179;;;;;;;;;;;;;
180;;;;;;;;;;;;;
181;;;;;;;;;;;;;
182;;;;;;;;;;;;;
183;;;;;;;;;;;;;
184;;;;;;;;;;;;;
185;;;;;;;;;;;;;
186;CHECK;CDS JAQUES SENET;;;;;;;;;;OK;1688738400
187;CHECK;CDS JAQUES SENET;;;;;;;;;;;
188;CHECK;CDS JAQUES SENET;;;;;;;;;;;
189;CHECK;CDS JAQUES SENET;;;;;;;;;;;
190;CHECK;CDS JAQUES SENET;;;;;;;;;;;
191;CHECK;CDS JAQUES SENET;;;;;;;;;;;1694170800
192;CHECK;CDS JAQUES SENET;;;;;;;;;;;
193;CHECK;CDS JAQUES SENET;;;;;;;;;;;
194;CHECK;CDS JAQUES SENET;;;;;;;;;;;
195;;;;;;;;;;;;;
196;CHECK;CDS JAQUES SENET;;;;;;;;;;;
197;RAPPELER;;;;;;;;;;;;
198;RAPPELER;;;;;;;;;;;;
199;;;;;;;;;;;;;
200;;;;;;;;;;;;;
201;;;;;;;;;;;;;
202;;;;;;;;;;;;;
203;;;;;;;;;;;;;
204;;;;;;;;;;;;;
205;;;;;;;;;;;;;
206;;;;;;;;;;;;;
207;CHECK;;;;;;;;;;;;1689784200
208;;;;;;;;;;;;;
209;;;;;;;;;;;;;
210;;;;;;;;;;;;;
211;;;;;;;;;;;;;
212;;;;;;;;;;;;;
213;;;;;;;;;;;;;
214;;;;;;;;;;;;;
215;;;;;;;;;;;;;
216;RAPPELER;;;;;;;;;;;;
217;;;;;;;;;;;;;
218;1694704500;;;;;;;;;;;;1688137200
219;;NRP?;;;;;;;;;;;1688392800
220;;;;;;;;;;;;;
221;;;;;;;;;;;;;
222;RAPPELER;;;;;;;;;;;;
223;;;;;;;;;;;;;
224;RAPPELER;;;;;;;;;;;;
225;RAPPELER;;;;;;;;;;;;
226;;;;;;;;;;;;;
227;;;;;;;;;;;;;
228;;;;;;;;;;;;;
229;RAPPELER;SEPT;;;;;;;;;;;1689084000
230;RAPPELER;SEPT;;;;;;;;;;;1689087600
231;;;;;;;;;;;;;
232;;;;;;;;;;;;;
233;;;;;;;;;;;;;
234;;;;;;;;;;;;;
235;;;;;;;;;;;;;
236;1694606400;;;;;;;;;;;;1689163200
237;;;;;;;;;;;;;
238;;;;;;;;;;;;;
239;;;;;;;;;;;;;
240;;;;;;;;;;;;;
241;;;;;;;;;;;;;
242;;;;;;;;;;;;;
243;;;;;;;;;;;;;
244;;;;;;;;;;;;;
245;;;;;;;;;;;;;
246;;;;;;;;;;;;;
247;;;;;;;;;;;;;
248;;;;;;;;;;;;;
249;;;;;;;;;;;;;
250;CHECK;;;;;;;;;;;;
251;;;;;;;;;;;;;
252;;;;;;;;;;;;;
253;;;;;;;;;;;;;
254;;;;;;;;;;;;;
255;RAPPELER;;;;;;;;;;;;
256;;;;;;;;;;;;;
257;;;;;;;;;;;;;
258;;;;;;;;;;;;;
259;;;;;;;;;;;;;
260;RAPPELER;;;;;;;;;;;;
261;;;;;;;;;;;;;
262;;;;;;;;;;;;;
263;;;;;;;;;;;;;
264;;;;;;;;;;;;;
265;;;;;;;;;;;;;
266;;;;;;;;;;;;;
267;RAPPELER;;;;;;;;;;;;
268;RAPPELER;;;;;;;;;;;;
269;;;;;;;;;;;;;
270;;;;;;;;;;;;;
271;1696939200;;;;;;;;;;;;1688479200
272;;;;;;;;;;;;;
273;;;;;;;;;;;;;
274;;;;;;;;;;;;;
275;;;;;;;;;;;;;
276;;;;;;;;;;;;;
277;;;;;;;;;;;;;
278;;;;;;;;;;;;;
279;;;;;;;;;;;;;
280;;;;;;;;;;;;;
281;;;;;;;;;;;;;
282;;;;;;;;;;;;;
283;;;;;;;;;;;;;
284;;;;;;;;;;;;;
285;;;;;;;;;;;;;
286;;;;;;;;;;;;;
287;;;;;;;;;;;;;
288;RAPPELER;;;;;;;;;;;;
289;RAPPELER;;;;;;;;;;;;
290;RAPPELER;;;;;;;;;;;;
291;;;;;;;;;;;;;
292;CHECK;CLI STE-THÉRÈSE;;;;;;;;;;;
293;RAPPELER;;;;;;;;;;;;
294;RAPPELER;;;;;;;;;;;;
295;;;;;;;;;;;;;
296;;;;;;;;;;;;;
297;;;;;;;;;;;;;
298;;;;;;;;;;;;;
299;;;;;;;;;;;;;
300;;;;;;;;;;;;;
301;;;;;;;;;;;;;
302;;;;;;;;;;;;;
303;RAPPELER;;;;;;;;;;;;
304;;;;;;;;;;;;;
305;;;;;;;;;;;;;
306;CHECK;NRP?;;;;;;;;;;;1689690600
307;;;;;;;;;;;;;
308;;;;;;;;;;;;;
309;;;;;;;;;;;;;
310;;;;;;;;;;;;;
311;RAPPELER;SEPT;;;;;;;;;;;1689170400
312;;;;;;;;;;;;;
313;;;;;;;;;;;;;
314;;;;;;;;;;;;;
315;CHECK;HÔP UNI NECKER;;;;;;;;;;;
316;CHECK;HÔP UNI NECKER;;;;;;;;;;;
317;CHECK;HÔP UNI NECKER;;;;;;;;;;;
318;CHECK;HÔP UNI NECKER;;;;;;;;;;;
319;CHECK;HÔP UNI NECKER;;;;;;;;;;;
320;CHECK;HÔP UNI NECKER;;;;;;;;;;;
321;CHECK;HÔP UNI NECKER;;;;;;;;;;;
322;CHECK;HÔP UNI NECKER;;;;;;;;;;;
323;CHECK;HÔP UNI NECKER;;;;;;;;;;;
324;CHECK;HÔP UNI NECKER;;;;;;;;;;;
325;CHECK;HÔP UNI NECKER;;;;;;;;;;;
326;CHECK;HÔP UNI NECKER;;;;;;;;;;;
327;CHECK;HÔP UNI NECKER;;;;;;;;;;;
328;CHECK;HÔP UNI NECKER;;;;;;;;;;;
329;CHECK;HÔP UNI NECKER;;;;;;;;;;;
330;CHECK;HÔP UNI NECKER;;;;;;;;;;;
331;CHECK;HÔP UNI NECKER;;;;;;;;;;;
332;CHECK;HÔP UNI NECKER;;;;;;;;;;;
333;CHECK;HÔP UNI NECKER;;;;;;;;;;;
334;CHECK;HÔP UNI NECKER;;;;;;;;;;;
335;CHECK;HÔP UNI NECKER;;;;;;;;;;;
336;CHECK;HÔP UNI NECKER;;;;;;;;;;;
337;CHECK;HÔP UNI NECKER;;;;;;;;;;;
338;CHECK;HÔP UNI NECKER;;;;;;;;;;;
339;CHECK;HÔP UNI NECKER;;;;;;;;;;;
340;CHECK;HÔP UNI NECKER;;;;;;;;;;;
341;CHECK;HÔP UNI NECKER;;;;;;;;;;;
342;CHECK;HÔP UNI NECKER;;;;;;;;;;;
343;CHECK;HÔP UNI NECKER;;;;;;;;;;;
344;CHECK;HÔP UNI NECKER;;;;;;;;;;;
345;CHECK;HÔP UNI NECKER;;;;;;;;;;;
346;CHECK;HÔP UNI NECKER;;;;;;;;;;;
347;CHECK;HÔP UNI NECKER;;;;;;;;;;;
348;CHECK;HÔP UNI NECKER;;;;;;;;;;;
349;CHECK;HÔP UNI NECKER;;;;;;;;;;;
350;CHECK;HÔP UNI NECKER;;;;;;;;;;;
351;CHECK;HÔP UNI NECKER;;;;;;;;;;;
352;CHECK;HÔP UNI NECKER;;;;;;;;;;;
353;CHECK;HÔP UNI NECKER;;;;;;;;;;;
354;CHECK;HÔP UNI NECKER;;;;;;;;;;;
355;CHECK;HÔP UNI NECKER;;;;;;;;;;;
356;CHECK;HÔP UNI NECKER;;;;;;;;;;;
357;CHECK;HÔP UNI NECKER;;;;;;;;;;;
358;CHECK;HÔP UNI NECKER;;;;;;;;;;;
359;CHECK;HÔP UNI NECKER;;;;;;;;;;;
360;CHECK;HÔP UNI NECKER;;;;;;;;;;;
361;CHECK;HÔP UNI NECKER;;;;;;;;;;;
362;CHECK;HÔP UNI NECKER;;;;;;;;;;;
363;CHECK;HÔP UNI NECKER;;;;;;;;;;;
364;CHECK;HÔP UNI NECKER;;;;;;;;;;;
365;CHECK;HÔP UNI NECKER;;;;;;;;;;;
366;CHECK;HÔP UNI NECKER;;;;;;;;;;;
367;CHECK;HÔP UNI NECKER;;;;;;;;;;;
368;CHECK;HÔP UNI NECKER;;;;;;;;;;;
369;CHECK;HÔP UNI NECKER;;;;;;;;;;;
370;CHECK;HÔP UNI NECKER;;;;;;;;;;;
371;CHECK;HÔP UNI NECKER;;;;;;;;;;;
372;CHECK;HÔP UNI NECKER;;;;;;;;;;;
373;CHECK;HÔP UNI NECKER;;;;;;;;;;;
374;CHECK;HÔP UNI NECKER;;;;;;;;;;;
375;CHECK;HÔP UNI NECKER;;;;;;;;;;;
376;CHECK;HÔP UNI NECKER;;;;;;;;;;;
377;CHECK;HÔP UNI NECKER;;;;;;;;;;;
378;CHECK;HÔP UNI NECKER;;;;;;;;;;;
379;CHECK;HÔP UNI NECKER;;;;;;;;;;;
380;CHECK;HÔP UNI NECKER;;;;;;;;;;;
381;CHECK;HÔP UNI NECKER;;;;;;;;;;;
382;CHECK;HÔP UNI NECKER;;;;;;;;;;;
383;CHECK;HÔP UNI NECKER;;;;;;;;;;;
384;CHECK;HÔP UNI NECKER;;;;;;;;;;;
385;CHECK;HÔP UNI NECKER;;;;;;;;;;;
386;CHECK;HÔP UNI NECKER;;;;;;;;;;;
387;CHECK;HÔP UNI NECKER;;;;;;;;;;;
388;CHECK;HÔP UNI NECKER;;;;;;;;;;;
389;CHECK;HÔP UNI NECKER;;;;;;;;;;;
390;CHECK;HÔP UNI NECKER;;;;;;;;;;;
391;CHECK;HÔP UNI NECKER;;;;;;;;;;;
392;CHECK;HÔP UNI NECKER;;;;;;;;;;;
393;CHECK;HÔP UNI NECKER;;;;;;;;;;;
394;CHECK;HÔP UNI NECKER;;;;;;;;;;;
395;CHECK;HÔP UNI NECKER;;;;;;;;;;;
396;CHECK;HÔP UNI NECKER;;;;;;;;;;;
397;CHECK;HÔP UNI NECKER;;;;;;;;;;;
398;CHECK;HÔP UNI NECKER;;;;;;;;;;;
399;CHECK;HÔP UNI NECKER;;;;;;;;;;;
400;CHECK;HÔP UNI NECKER;;;;;;;;;;;
401;CHECK;HÔP UNI NECKER;;;;;;;;;;;
402;CHECK;HÔP UNI NECKER;;;;;;;;;;;
403;CHECK;HÔP UNI NECKER;;;;;;;;;;;
404;CHECK;HÔP UNI NECKER;;;;;;;;;;;
405;CHECK;HÔP UNI NECKER;;;;;;;;;;;
406;CHECK;HÔP UNI NECKER;;;;;;;;;;;
407;CHECK;HÔP UNI NECKER;;;;;;;;;;;
408;CHECK;HÔP UNI NECKER;;;;;;;;;;;
409;CHECK;HÔP UNI NECKER;;;;;;;;;;;
410;CHECK;HÔP UNI NECKER;;;;;;;;;;;
411;CHECK;HÔP UNI NECKER;;;;;;;;;;;
412;CHECK;HÔP UNI NECKER;;;;;;;;;;;
413;CHECK;HÔP UNI NECKER;;;;;;;;;;;
414;CHECK;HÔP UNI NECKER;;;;;;;;;;;
415;CHECK;HÔP UNI NECKER;;;;;;;;;;;
416;CHECK;HÔP UNI NECKER;;;;;;;;;;;
417;CHECK;HÔP UNI NECKER;;;;;;;;;;;
418;CHECK;HÔP UNI NECKER;;;;;;;;;;;
419;CHECK;HÔP UNI NECKER;;;;;;;;;;;
420;CHECK;HÔP UNI NECKER;;;;;;;;;;;
421;CHECK;HÔP UNI NECKER;;;;;;;;;;;
422;CHECK;HÔP UNI NECKER;;;;;;;;;;;
423;CHECK;HÔP UNI NECKER;;;;;;;;;;;
424;CHECK;HÔP UNI NECKER;;;;;;;;;;;
425;CHECK;HÔP UNI NECKER;;;;;;;;;;;
426;CHECK;HÔP UNI NECKER;;;;;;;;;;;
427;CHECK;HÔP UNI NECKER;;;;;;;;;;;
428;CHECK;HÔP UNI NECKER;;;;;;;;;;;
429;CHECK;HÔP UNI NECKER;;;;;;;;;;;
430;CHECK;HÔP UNI NECKER;;;;;;;;;;;
431;CHECK;HÔP UNI NECKER;;;;;;;;;;;
432;CHECK;HÔP UNI NECKER;;;;;;;;;;;
433;CHECK;HÔP UNI NECKER;;;;;;;;;;;
434;CHECK;HÔP UNI NECKER;;;;;;;;;;;
435;CHECK;HÔP UNI NECKER;;;;;;;;;;;
436;CHECK;HÔP UNI NECKER;;;;;;;;;;;
437;CHECK;HÔP UNI NECKER;;;;;;;;;;;
438;CHECK;HÔP UNI NECKER;;;;;;;;;;;
439;CHECK;HÔP UNI NECKER;;;;;;;;;;;
440;CHECK;HÔP UNI NECKER;;;;;;;;;;;
441;CHECK;HÔP UNI NECKER;;;;;;;;;;;
442;CHECK;HÔP UNI NECKER;;;;;;;;;;;
443;CHECK;HÔP UNI NECKER;;;;;;;;;;;
444;CHECK;HÔP UNI NECKER;;;;;;;;;;;
445;CHECK;HÔP UNI NECKER;;;;;;;;;;;
446;CHECK;HÔP UNI NECKER;;;;;;;;;;;
447;CHECK;HÔP UNI NECKER;;;;;;;;;;;
448;CHECK;HÔP UNI NECKER;;;;;;;;;;;
449;CHECK;HÔP UNI NECKER;;;;;;;;;;;
450;CHECK;HÔP UNI NECKER;;;;;;;;;;;
451;CHECK;HÔP UNI NECKER;;;;;;;;;;;
452;CHECK;HÔP UNI NECKER;;;;;;;;;;;
453;CHECK;HÔP UNI NECKER;;;;;;;;;;;
454;CHECK;HÔP UNI NECKER;;;;;;;;;;;
455;CHECK;HÔP UNI NECKER;;;;;;;;;;;
456;CHECK;HÔP UNI NECKER;;;;;;;;;;;
457;CHECK;HÔP UNI NECKER;;;;;;;;;;;
458;CHECK;HÔP UNI NECKER;;;;;;;;;;;
459;CHECK;HÔP UNI NECKER;;;;;;;;;;;
460;CHECK;HÔP UNI NECKER;;;;;;;;;;;
461;CHECK;HÔP UNI NECKER;;;;;;;;;;;
462;CHECK;HÔP UNI NECKER;;;;;;;;;;;
463;CHECK;HÔP UNI NECKER;;;;;;;;;;;
464;CHECK;HÔP UNI NECKER;;;;;;;;;;;
465;CHECK;HÔP UNI NECKER;;;;;;;;;;;
466;CHECK;HÔP UNI NECKER;;;;;;;;;;;
467;CHECK;HÔP UNI NECKER;;;;;;;;;;;
468;CHECK;HÔP UNI NECKER;;;;;;;;;;;
469;CHECK;HÔP UNI NECKER;;;;;;;;;;;
470;CHECK;HÔP UNI NECKER;;;;;;;;;;;
471;CHECK;HÔP UNI NECKER;;;;;;;;;;;
472;CHECK;HÔP UNI NECKER;;;;;;;;;;;
473;CHECK;HÔP UNI NECKER;;;;;;;;;;;
474;CHECK;HÔP UNI NECKER;;;;;;;;;;;
475;CHECK;HÔP UNI NECKER;;;;;;;;;;;
476;CHECK;HÔP UNI NECKER;;;;;;;;;;;
477;CHECK;HÔP UNI NECKER;;;;;;;;;;;
478;CHECK;HÔP UNI NECKER;;;;;;;;;;;
479;CHECK;HÔP UNI NECKER;;;;;;;;;;;
480;CHECK;HÔP UNI NECKER;;;;;;;;;;;
481;CHECK;HÔP UNI NECKER;;;;;;;;;;;
482;CHECK;HÔP UNI NECKER;;;;;;;;;;;
483;CHECK;HÔP UNI NECKER;;;;;;;;;;;
484;CHECK;HÔP UNI NECKER;;;;;;;;;;;
485;CHECK;HÔP UNI NECKER;;;;;;;;;;;
486;CHECK;HÔP UNI NECKER;;;;;;;;;;;
487;CHECK;HÔP UNI NECKER;;;;;;;;;;;
488;CHECK;HÔP UNI NECKER;;;;;;;;;;;
489;CHECK;HÔP UNI NECKER;;;;;;;;;;;
490;CHECK;HÔP UNI NECKER;;;;;;;;;;;
491;CHECK;HÔP UNI NECKER;;;;;;;;;;;
492;CHECK;HÔP UNI NECKER;;;;;;;;;;;
493;CHECK;HÔP UNI NECKER;;;;;;;;;;;
494;CHECK;HÔP UNI NECKER;;;;;;;;;;;
495;CHECK;HÔP UNI NECKER;;;;;;;;;;;
496;CHECK;HÔP UNI NECKER;;;;;;;;;;;
497;CHECK;HÔP UNI NECKER;;;;;;;;;;;
498;CHECK;HÔP UNI NECKER;;;;;;;;;;;
499;CHECK;HÔP UNI NECKER;;;;;;;;;;;
500;CHECK;HÔP UNI NECKER;;;;;;;;;;;
501;CHECK;HÔP UNI NECKER;;;;;;;;;;;
502;CHECK;HÔP UNI NECKER;;;;;;;;;;;
503;CHECK;HÔP UNI NECKER;;;;;;;;;;;
504;CHECK;HÔP UNI NECKER;;;;;;;;;;;
505;CHECK;HÔP UNI NECKER;;;;;;;;;;;
506;CHECK;HÔP UNI NECKER;;;;;;;;;;;
507;CHECK;HÔP UNI NECKER;;;;;;;;;;;
508;CHECK;HÔP UNI NECKER;;;;;;;;;;;
509;CHECK;HÔP UNI NECKER;;;;;;;;;;;
510;CHECK;HÔP UNI NECKER;;;;;;;;;;;
511;CHECK;HÔP UNI NECKER;;;;;;;;;;;
512;CHECK;HÔP UNI NECKER;;;;;;;;;;;
513;CHECK;HÔP UNI NECKER;;;;;;;;;;;
514;CHECK;HÔP UNI NECKER;;;;;;;;;;;
515;CHECK;HÔP UNI NECKER;;;;;;;;;;;
516;CHECK;HÔP UNI NECKER;;;;;;;;;;;
517;CHECK;HÔP UNI NECKER;;;;;;;;;;;
518;CHECK;HÔP UNI NECKER;;;;;;;;;;;
519;CHECK;HÔP UNI NECKER;;;;;;;;;;;
520;CHECK;HÔP UNI NECKER;;;;;;;;;;;
521;CHECK;HÔP UNI NECKER;;;;;;;;;;;
522;CHECK;HÔP UNI NECKER;;;;;;;;;;;
523;CHECK;HÔP UNI NECKER;;;;;;;;;;;
524;CHECK;HÔP UNI NECKER;;;;;;;;;;;
525;CHECK;HÔP UNI NECKER;;;;;;;;;;;
526;CHECK;HÔP UNI NECKER;;;;;;;;;;;
527;CHECK;HÔP UNI NECKER;;;;;;;;;;;
528;CHECK;HÔP UNI NECKER;;;;;;;;;;;
529;CHECK;HÔP UNI NECKER;;;;;;;;;;;
530;CHECK;HÔP UNI NECKER;;;;;;;;;;;
531;CHECK;HÔP UNI NECKER;;;;;;;;;;;
532;CHECK;HÔP UNI NECKER;;;;;;;;;;;
533;CHECK;HÔP UNI NECKER;;;;;;;;;;;
534;CHECK;HÔP UNI NECKER;;;;;;;;;;;
535;CHECK;HÔP UNI NECKER;;;;;;;;;;;
536;CHECK;HÔP UNI NECKER;;;;;;;;;;;
537;CHECK;HÔP UNI NECKER;;;;;;;;;;;
538;CHECK;HÔP UNI NECKER;;;;;;;;;;;
539;CHECK;HÔP UNI NECKER;;;;;;;;;;;
540;CHECK;HÔP UNI NECKER;;;;;;;;;;;
541;CHECK;HÔP UNI NECKER;;;;;;;;;;;
542;CHECK;HÔP UNI NECKER;;;;;;;;;;;
543;CHECK;HÔP UNI NECKER;;;;;;;;;;;
544;CHECK;HÔP UNI NECKER;;;;;;;;;;;
545;CHECK;HÔP UNI NECKER;;;;;;;;;;;
546;CHECK;HÔP UNI NECKER;;;;;;;;;;;
547;CHECK;HÔP UNI NECKER;;;;;;;;;;;
548;CHECK;HÔP UNI NECKER;;;;;;;;;;;
549;CHECK;HÔP UNI NECKER;;;;;;;;;;;
550;CHECK;HÔP UNI NECKER;;;;;;;;;;;
551;CHECK;HÔP UNI NECKER;;;;;;;;;;;
552;;;;;;;;;;;;;
553;;;;;;;;;;;;;
554;;;;;;;;;;;;;
555;;;;;;;;;;;;;
556;RAPPELER;;;;;;;;;;;;
557;;;;;;;;;;;;;
558;L;;;14:00:00;;14:00:00;;14:00:00;;14:00:00;;14:00:00;1689948000
559;;;;;;;;;;;;;
560;;;;;;;;;;;;;
561;;;;;;;;;;;;;
562;;;;;;;;;;;;;
563;1690558200;;;;;;;;;;;;1688743800
564;;;;;;;;;;;;;
565;;;;;;;;;;;;;
566;;;;;;;;;;;;;
567;;;;;;;;;;;;;
568;;;;;;;;;;;;;
569;;;;;;;;;;;;;
570;;;;;;;;;;;;;
571;;;;;;;;;;;;;
572;;;;;;;;;;;;;
573;;HÔP COGNACQ-JAY;;;;;;;;;;;
574;;;;;;;;;;;;;
575;;;;;;;;;;;;;
576;;;;;;;;;;;;;
577;;;;;;;;;;;;;
578;;;;;;;;;;;;;
579;;;;;;;;;;;;;
580;;;;;;;;;;;;;
581;;;;;;;;;;;;;
582;RAPPELER;;;;;;;;;;;;
583;RAPPELER;;;;;;;;;;;;
584;;;;;;;;;;;;;
585;1695211200;;;;;;;;;;;;
586;RAPPELER;;;;;;;;;;;;
587;;;;;;;;;;;;;
588;;;;;;;;;;;;;
589;;;;;;;;;;;;;
590;;;;;;;;;;;;;
591;L;;12:30:00;;12:30:00;;12:30:00;;12:30:00;;12:30:00;;1688720400
592;CHECK;NRP?;;;;;;;;;;;1689672600
593;CHECK;;;;;;;;;;;;
594;;;;;;;;;;;;;
595;;;;;;;;;;;;;
596;RAPPELER;;;;;;;;;;;;
597;;;;;;;;;;;;;
598;RAPPELER;SEPT – DOCTOLIB;;;;;;;;;;;1688724000
599;;;;;;;;;;;;;
600;;;;;;;;;;;;;
601;;;;;;;;;;;;;
602;;;;;;;;;;;;;
603;;;;;;;;;;;;;
604;;;;;;;;;;;;;
605;;;;;;;;;;;;;
606;;;;;;;;;;;;;
607;;;;;;;;;;;;;
608;;;;;;;;;;;;;
609;;;;;;;;;;;;;
610;CHECK;;;;;;;;;;;;
611;RAPPELER;;;;;;;;;;;;
612;RAPPELER;;;;;;;;;;;;
613;;;;;;;;;;;;;
614;CHECK;CLI DE L’ALMA;;;;;;;;;;;
615;CHECK;CLI DE L’ALMA;;;;;;;;;;;
616;CHECK;CLI DE L’ALMA;;;;;;;;;;;
617;;;;;;;;;;;;;
618;RAPPELER;;;;;;;;;;;;
619;RAPPELER;;;;;;;;;;;;
620;;;;;;;;;;;;;
621;;;;;;;;;;;;;
622;;;;;;;;;;;;;
623;;;;;;;;;;;;;
624;;;;;;;;;;;;;
625;;;;;;;;;;;;;
626;;;;;;;;;;;;;
627;;;;;;;;;;;;;
628;;;;;;;;;;;;;
629;;;;;;;;;;;;;
630;;;;;;;;;;;;;
631;;;;;;;;;;;;;
632;;;;;;;;;;;;;
633;CHECK;CDS SOMED;;;;;;;;;;;
634;CHECK;CDS SOMED;;;;;;;;;;;
635;CHECK;CDS SOMED;;;;;;;;;;;
636;CHECK;CDS SOMED;;;;;;;;;;;
637;CHECK;CDS SOMED;;;;;;;;;;;
638;;;;;;;;;;;;;
639;;;;;;;;;;;;;
640;;;;;;;;;;;;;
641;;;;;;;;;;;;;
642;;;;;;;;;;;;;
643;RAPPELER;;;;;;;;;;;;
644;;;;;;;;;;;;;
645;;;;;;;;;;;;;
646;;;;;;;;;;;;;
647;;;;;;;;;;;;;
648;RAPPELER;;;;;;;;;;;;
649;;;;;;;;;;;;;
650;;;;;;;;;;;;;
651;;;;;;;;;;;;;
652;;;;;;;;;;;;;
653;;;;;;;;;;;;;
654;RAPPELER;;;;;;;;;;;;
655;;;;;;;;;;;;;
656;L;;08 -12;;08 -12;;08 -12;;08 -12;;08 -12;;1688634000
657;L;;OK;;OK;;OK;;OK;;OK;;1689584400
658;RAPPELER;SEPT;;;;;;;;;;;1689091200
659;;;;;;;;;;;;;
660;;;;;;;;;;;;;
661;;;;;;;;;;;;;
662;;;;;;;;;;;;;
663;;;;;;;;;;;;;
664;;;;;;;;;;;;;
665;;;;;;;;;;;;;
666;;;;;;;;;;;;;
667;;;;;;;;;;;;;
668;;;;;;;;;;;;;
669;;;;;;;;;;;;;
670;;;;;;;;;;;;;
671;;;;;;;;;;;;;
672;CHECK;MGEN;;;;;;;;;;;
673;CHECK;MGEN;;;;;;;9-12;14-18;9-12;14-18;1694095200
674;L;MGEN;08-11:30;13-16:30;08-11:30;13-16:30;08-11:30;13-16:30;08-11:30;13-16:30;08-11:30;13-16:30;
675;CHECK;MGEN;;;;;;;;;;;
676;CHECK;MGEN;;;;;;;;;;;
677;CHECK;MGEN;;;;;;;;;;;
678;CHECK;MGEN;;;;;;;;;;;
679;CHECK;MGEN;;;;13-17;8-12;;;;;;1694100600
680;L;MGEN;8-12;14-18;;;9-12;14-18;;14-18;8-12;14-17;
681;CHECK;MGEN;;;;;;;;;;;
682;CHECK;MGEN;;;;;;;;;;;
683;CHECK;MGEN;;;;;;;;;;;
684;CHECK;MGEN;;;;;8-12;13-18;;;;;
685;L;MGEN;;;;14-18;;14-18;9-12;;;;1694084400
686;CHECK;MGEN;;;;;;;;;;;1694079000
687;CHECK;MGEN;;;;;;;;;;;
688;CHECK;MGEN;;;;;;;;;;;
689;CHECK;MGEN;;;;;;;;;;;
690;CHECK;MGEN;;;;;;;;;;;
691;CHECK;MGEN;;;;;;;;;;;
692;CHECK;MGEN;;;;;;;;;;;
693;CHECK;MGEN;;;;;;;;;;;
694;CHECK;MGEN;;;;;;;;;;;
695;CHECK;MGEN;;;;;;;;;;;
696;CHECK;MGEN;;;;;;;;;;;
697;CHECK;MGEN;;;;;;;;;;;
698;;;;;;;;;;;;;
699;;;;;;;;;;;;;
700;RAPPELER;;;;;;;;;;;;
701;;;;;;;;;;;;;
702;;;;;;;;;;;;;
703;;;;;;;;;;;;;
704;;;;;;;;;;;;;
705;;;;;;;;;;;;;
706;;;;;;;;;;;;;
707;RAPPELER;;;;;;;;;;;;
708;RAPPELER;;;;;;;;;;;;
709;;;;;;;;;;;;;
710;;;;;;;;;;;;;
711;;;;;;;;;;;;;
712;;;;;;;;;;;;;
713;;;;;;;;;;;;;
714;;;;;;;;;;;;;
715;;;;;;;;;;;;;
716;;;;;;;;;;;;;
717;;;;;;;;;;;;;
718;;;;;;;;;;;;;
719;;;;;;;;;;;;;
720;;;;;;;;;;;;;
721;RAPPELER;SEPT;;;;;;;;;;;1689256800
722;;;;;;;;;;;;;
723;;;;;;;;;;;;;
724;;;;;;;;;;;;;
725;;;;;;;;;;;;;
726;;;;;;;;;;;;;
727;RAPPELER;;;;;;;;;;;;
728;1696500900;;;;;;;;;;;;1688043600
729;RAPPELER;;;;;;;;;;;;
730;RAPPELER;;;;;;;;;;;;
731;;;;;;;;;;;;;
732;;;;;;;;;;;;;
733;RAPPELER;;;;;;;;;;;;
734;;;;;;;;;;;;;
735;;;;;;;;;;;;;
736;00:00:00;;;;;;;;;;;;
737;;;;;;;;;;;;;
738;RAPPELER;;;;;;;;;;;;
739;RAPPELER;;;;;;;;;;;;1690540200
740;RAPPELER;;;;;;;;;;;;
741;;;;;;;;;;;;;
742;RAPPELER;;;;;;;;;;;;
743;;;;;;;;;;;;;
744;;;;;;;;;;;;;
745;1690475400;;;;;;;;;;;;1688547600
746;RAPPELER;SEPT;;;;;;;;;;;1688551200
747;;;;;;;;;;;;;
748;RAPPELER;;;;;;;;;;;;
749;;;;;;;;;;;;;
750;;;;;;;;;;;;;
751;;;;;;;;;;;;;
752;RAPPELER;;;;;;;;;;;;
753;;;;;;;;;;;;;
754;;;;;;;;;;;;;
755;;;;;;;;;;;;;
756;;;;;;;;;;;;;
757;;;;;;;;;;;;;
758;;;;;;;;;;;;;
759;RAPPELER;;;;;;;;;;;;
760;;;;;;;;;;;;;
761;;;;;;;;;;;;;
762;;;;;;;;;;;;;
763;;;;;;;;;;;;;
764;;;;;;;;;;;;;
765;;;;;;;;;;;;;
766;;;;;;;;;;;;;
767;;;;;;;;;;;;;
768;;;;;;;;;;;;;
769;;;;;;;;;;;;;
770;;;;;;;;;;;;;
771;RAPPELER;;;;;;;;;;;;
772;;;;;;;;;;;;;
773;;;;;;;;;;;;;
774;;;;;;;;;;;;;
775;;;;;;;;;;;;;
776;1695297600;;;;;;;;;;;;
777;;;;;;;;;;;;;
778;;;;;;;;;;;;;
779;RAPPELER;;;;;;;;;;;;
780;;;;;;;;;;;;;
781;RAPPELER;;;;;;;;;;;;
782;RAPPELER;;;;;;;;;;;;
783;;PMI;;;;;;;;;;;
784;;PMI;;;;;;;;;;;
785;;PMI;;;;;;;;;;;
786;;PMI;;;;;;;;;;;
787;;PMI;;;;;;;;;;;
788;;PMI;;;;;;;;;;;
789;RAPPELER;;;;;;;;;;;;
790;;;;;;;;;;;;;
791;L;;;15:00:00;;15:00:00;;;;;;;1689001200
792;;;;;;;;;;;;;
793;;;;;;;;;;;;;
794;;CLI ST JEAN DE DIEU;;;;;;;;;;;
795;;;;;;;;;;;;;
796;;;;;;;;;;;;;
797;;CLI ST JEAN DE DIEU;;;;;;;;;;;
798;;;;;;;;;;;;;
799;;;;;;;;;;;;;
800;;;;;;;;;;;;;
801;;;;;;;;;;;;;
802;;;;;;;;;;;;;
803;;;;;;;;;;;;;
804;;;;;;;;;;;;;
805;;;;;;;;;;;;;
806;;;;;;;;;;;;;
807;RAPPELER;;;;;;;;;;;;
808;RAPPELER;;;;;;;;;;;;
809;;;;;;;;;;;;;
810;;;;;;;;;;;;;
811;;;;;;;;;;;;;
812;;;;;;;;;;;;;
813;;;;;;;;;;;;;
814;;HEGP;;;;;;;;;;;
815;;;;;;;;;;;;;
816;;;;;;;;;;;;;
817;;;;;;;;;;;;;
818;;HEGP;;;;;;;;;;;
819;;;;;;;;;;;;;
820;;;;;;;;;;;;;
821;CHECK;HEGP;;;;;;;;;;;
822;;;;;;;;;;;;;
823;;;;;;;;;;;;;
824;;;;;;;;;;;;;
825;;;;;;;;;;;;;
826;;;;;;;;;;;;;
827;;;;;;;;;;;;;
828;;;;;;;;;;;;;
829;;HEGP;;;;;;;;;;;
830;;;;;;;;;;;;;
831;CHECK;HEGP;;;;;;;;;;;
832;;;;;;;;;;;;;
833;;;;;;;;;;;;;
834;;;;;;;;;;;;;
835;;;;;;;;;;;;;
836;;HEGP;;;;;;;;;;;
837;;;;;;;;;;;;;
838;;;;;;;;;;;;;
839;CHECK;HEGP;;;;;;;;;;;
840;;;;;;;;;;;;;
841;;HEGP;;;;;;;;;;;
842;;;;;;;;;;;;;
843;;;;;;;;;;;;;
844;;;;;;;;;;;;;
845;;HEGP;;;;;;;;;;;
846;;;;;;;;;;;;;
847;;;;;;;;;;;;;
848;;;;;;;;;;;;;
849;;HEGP;;;;;;;;;;;
850;;;;;;;;;;;;;
851;;;;;;;;;;;;;
852;;HEGP;;;;;;;;;;;
853;;;;;;;;;;;;;
854;;;;;;;;;;;;;
855;;HEGP;;;;;;;;;;;
856;;;;;;;;;;;;;
857;;HEGP;;;;;;;;;;;
858;;;;;;;;;;;;;
859;;;;;;;;;;;;;
860;;HEGP;;;;;;;;;;;
861;;HEGP;;;;;;;;;;;
862;;HEGP;;;;;;;;;;;
863;;;;;;;;;;;;;
864;;;;;;;;;;;;;
865;;;;;;;;;;;;;
866;;;;;;;;;;;;;
867;;HEGP;;;;;;;;;;;
868;CHECK;HEGP;;;;;;;;;;;
869;;;;;;;;;;;;;
870;;HEGP;;;;;;;;;;;
871;;HEGP;;;;;;;;;;;
872;CHECK;HEGP;;;;;;;;;;;
873;;;;;;;;;;;;;
874;;;;;;;;;;;;;
875;;;;;;;;;;;;;
876;;;;;;;;;;;;;
877;;;;;;;;;;;;;
878;;;;;;;;;;;;;
879;;;;;;;;;;;;;
880;;HEGP;;;;;;;;;;;
881;CHECK;HEGP;;;;;;;;;;;
882;;HEGP;;;;;;;;;;;
883;;;;;;;;;;;;;
884;;;;;;;;;;;;;
885;;HEGP;;;;;;;;;;;
886;;HEGP;;;;;;;;;;;
887;;;;;;;;;;;;;
888;CHECK;HEGP;;;;;;;;;;;
889;;;;;;;;;;;;;
890;;;;;;;;;;;;;
891;CHECK;HEGP;;;;;;;;;;;
892;;;;;;;;;;;;;
893;CHECK;HEGP;;;;;;;;;;;
894;CHECK;HEGP;;;;;;;;;;;
895;;;;;;;;;;;;;
896;;;;;;;;;;;;;
897;;;;;;;;;;;;;
898;;;;;;;;;;;;;
899;;;;;;;;;;;;;
900;;;;;;;;;;;;;
901;;HEGP;;;;;;;;;;;
902;1695729600;;;;;;;;;;;;
903;RAPPELER;SEPT;;;FIN;;;;;;FIN;;1688727600
904;;;;;;;;;;;;;
905;;;;;;;;;;;;;
906;;;;;;;;;;;;;
907;;;;;;;;;;;;;
908;;;;;;;;;;;;;
909;;;;;;;;;;;;;
910;;;;;;;;;;;;;
911;;;;;;;;;;;;;
912;;;;;;;;;;;;;
913;;;;;;;;;;;;;
914;;;;;;;;;;;;;
915;;;;;;;;;;;;;
916;;;;;;;;;;;;;
917;;;;;;;;;;;;;
918;;;;;;;;;;;;;
919;;;;;;;;;;;;;
920;;;;;;;;;;;;;
921;;;;;;;;;;;;;
922;;;;;;;;;;;;;
923;;;;;;;;;;;;;
924;;;;;;;;;;;;;
925;;;;;;;;;;;;;
926;;;;;;;;;;;;;
927;;;;;;;;;;;;;
928;;;;;;;;;;;;;
929;;;;;;;;;;;;;
930;;;;;;;;;;;;;
931;RAPPELER;;;;;;;;;;;;
932;;;;;;;;;;;;;
933;;;;;;;;;;;;;
934;1695646800;;;;;;;;;;;;1688565600
935;;;;;;;;;;;;;
936;;;;;;;;;;;;;
937;;;;;;;;;;;;;
938;;;;;;;;;;;;;
939;;;;;;;;;;;;;
940;;;;;;;;;;;;;
941;;;;;;;;;;;;;
942;;;;;;;;;;;;;
943;;;;;;;;;;;;;
944;;;;;;;;;;;;;
945;;;;;;;;;;;;;
946;;;;;;;;;;;;;
947;;;;;;;;;;;;;
948;;;;;;;;;;;;;
949;;;;;;;;;;;;;
950;;;;;;;;;;;;;
951;RAPPELER;;;;;;;;;;;;
952;;;;;;;;;;;;;
953;;;;;;;;;;;;;
954;RAPPELER;;;;;;;;;;;;
955;CHECK;;;;;;;;;;;;1690212600
956;;;;;;;;;;;;;
957;;;;;;;;;;;;;
958;;;;;;;;;;;;;
959;;;;;;;;;;;;;
960;;;;;;;;;;;;;
961;;;;;;;;;;;;;
962;;;;;;;;;;;;;
963;;;;;;;;;;;;;
964;;;;;;;;;;;;;
965;;;;;;;;;;;;;
966;;;;;;;;;;;;;
967;;;;;;;;;;;;;
968;;;;;;;;;;;;;
969;;;;;;;;;;;;;
970;;;;;;;;;;;;;
971;;;;;;;;;;;;;
972;;;;;;;;;;;;;
973;;;;;;;;;;;;;
974;;;;;;;;;;;;;
975;;;;;;;;;;;;;
976;;;;;;;;;;;;;
977;;;;;;;;;;;;;
978;;;;;;;;;;;;;
979;;;;;;;;;;;;;
980;;;;;;;;;;;;;
981;;;;;;;;;;;;;
982;RAPPELER;;;;;;;;;;;;
983;RAPPELER;;;;;;;;;;;;
984;;;;;;;;;;;;;
985;;;;;;;;;;;;;
986;RAPPELER;;;;;;;;;;;;
987;;;;;;;;;;;;;
988;;;;;;;;;;;;;
989;;;;;;;;;;;;;
990;;;;;;;;;;;;;
991;;;;;;;;;;;;;
992;;;;;;;;;;;;;
993;;;;;;;;;;;;;
994;;;;;;;;;;;;;
995;;;;;;;;;;;;;
996;;;;;;;;;;;;;
997;;;;;;;;;;;;;
998;;;;;;;;;;;;;
999;;;;;;;;;;;;;
1000;;;;;;;;;;;;;
1001;;;;;;;;;;;;;
1002;RAPPELER;;;;;;;;;;;;
1003;RAPPELER;;;;;;;;;;;;
1004;;;;;;;;;;;;;
1005;;;;;;;;;;;;;
1006;;;;;;;;;;;;;
1007;RAPPELER;;;;;;;;;;;;
1008;;;;;;;;;;;;;
1009;;;;;;;;;;;;;
1010;;;;;;;;;;;;;
1011;;;;;;;;;;;;;
1012;;;;;;;;;;;;;
1013;;;;;;;;;;;;;
1014;;;;;;;;;;;;;
1015;;;;;;;;;;;;;
1016;;;;;;;;;;;;;
1017;;;;;;;;;;;;;
1018;;;;;;;;;;;;;
1019;;;;;;;;;;;;;
1020;RETRAITE;;;;;;;;;;;;
1021;RAPPELER;SEPT;;;;;;;;;;;1689174000
1022;CHECK;;;;;;;;;;;;1690207200
1023;;;;;;;;;;;;;
1024;CHECK;CLI AMBROISE PARÉ;;;;;;;;;;;
1025;CHECK;CLI AMBROISE PARÉ;;;;;;;;;;;
1026;CHECK;CLI AMBROISE PARÉ;;;;;;;;;;;
1027;CHECK;CLI AMBROISE PARÉ;;;;;;;;;;;
1028;;;;;;;;;;;;;
1029;;;;;;;;;;;;;
1030;RAPPELER;;;;;;;;;;;;
1031;;;;;;;;;;;;;
1032;;;;;;;;;;;;;
1033;;;;;;;;;;;;;
1034;;;;;;;;;;;;;
1035;;;;;;;;;;;;;
1036;;;;;;;;;;;;;
1037;;;;;;;;;;;;;
1038;;;;;;;;;;;;;
1039;;;;;;;;;;;;;
1040;;;;;;;;;;;;;
1041;;;;;;;;;;;;;
1042;;;;;;;;;;;;;
1043;;;;;;;;;;;;;
1044;;;;;;;;;;;;;
1045;1694091600;;;;;;;;;;;;
1046;;;;;;;;;;;;;
1047;;;;;;;;;;;;;
1048;;;;;;;;;;;;;
1049;;;;;;;;;;;;;
1050;;;;;;;;;;;;;
1051;RAPPELER;;;;;;;;;;;;
1052;;;;;;;;;;;;;
1053;RAPPELER;;;;;;;;;;;;
1054;;;;;;;;;;;;;
1055;RAPPELER;;;;;;;;;;;;
1056;RAPPELER;;;;;;;;;;;;
1057;;;;;;;;;;;;;
1058;;;;;;;;;;;;;
1059;;;;;;;;;;;;;
1060;;;;;;;;;;;;;1688396400
1061;CHECK;;;;;;;;;;;;1690461000
1062;;;;;;;;;;;;;
1063;;;;;;;;;;;;;
1064;;;;;;;;;;;;;
1065;;;;;;;;;;;;;
1066;;;;;;;;;;;;;
1067;;;;;;;;;;;;;
1068;;;;;;;;;;;;;
1069;1706695200;;;;;;;;;;;;1688050800
1070;;;;;;;;;;;;;
1071;;;;;;;;;;;;;
1072;;;;;;;;;;;;;
1073;;;;;;;;;;;;;
1074;;;;;;;;;;;;;
1075;;;;;;;;;;;;;
1076;;;;;;;;;;;;;
1077;;;;;;;;;;;;;
1078;;;;;;;;;;;;;
1079;;;;;;;;;;;;;
1080;RAPPELER;;;;;;;;;;;;
1081;;;;;;;;;;;;;
1082;RAPPELER;;;;;;;;;;;;
1083;;;;;;;;;;;;;
1084;;;;;;;;;;;;;
1085;;;;;;;;;;;;;
1086;;;;;;;;;;;;;
1087;RAPPELER;;;;;;;;;;;;
1088;;;;;;;;;;;;;
1089;RAPPELER;;;;;;;;;;;;
1090;RAPPELER;;;;;;;;;;;;
1091;RAPPELER;;;;;;;;;;;;
1092;;;;;;;;;;;;;
1093;RAPPELER;;;;;;;;;;;;
1094;RAPPELER;;;;;;;;;;;;
1095;RAPPELER;;;;;;;;;;;;
1096;;;;;;;;;;;;;
1097;;;;;;;;;;;;;
1098;RAPPELER;;;;;;;;;;;;
1099;RAPPELER;;;;;;;;;;;;
1100;;;;;;;;;;;;;
1101;;;;;;;;;;;;;
1102;;;;;;;;;;;;;
1103;;;;;;;;;;;;;
1104;;;;;;;;;;;;;
1105;;;;;;;;;;;;;
1106;RAPPELER;;;;;;;;;;;;
1107;;;;;;;;;;;;;
1108;RAPPELER;;;;;;;;;;;;
1109;RAPPELER;;;;;;;;;;;;
1110;RAPPELER;;;;;;;;;;;;
1111;;;;;;;;;;;;;
1112;;;;;;;;;;;;;
1113;;;;;;;;;;;;;
1114;;;;;;;;;;;;;
1115;;;;;;;;;;;;;
1116;RAPPELER;SEPT;;;;;;;;;;;1689238800
1117;;;;;;;;;;;;;
1118;;;;;;;;;;;;;
1119;;;;;;;;;;;;;
1120;;;;;;;;;;;;;
1121;;;;;;;;;;;;;
1122;;;;;;;;;;;;;
1123;;;;;;;;;;;;;
1124;;;;;;;;;;;;;
1125;;;;;;;;;;;;;
1126;;;;;;;;;;;;;
1127;;;;;;;;;;;;;
1128;;;;;;;;;;;;;
1129;;;;;;;;;;;;;
1130;;;;;;;;;;;;;
1131;RAPPELER;;;;;;;;;;;;
1132;;;;;;;;;;;;;
1133;;;;;;;;;;;;;
1134;;;;;;;;;;;;;
1135;;;;;;;;;;;;;
1136;RAPPELER;;;;;;;;;;;;
1137;RAPPELER;;;;;;;;;;;;
1138;;;;;;;;;;;;;
1139;;;;;;;;;;;;;
1140;;;;;;;;;;;;;
1141;;;;;;;;;;;;;
1142;;;;;;;;;;;;;
1143;;;;;;;;;;;;;
1144;;;;;;;;;;;;;
1145;;;;;;;;;;;;;
1146;RAPPELER;;;;;;;;;;;;
1147;;;;;;;;;;;;;
1148;;;;;;;;;;;;;
1149;;;;;;;;;;;;;
1150;;;;;;;;;;;;;
1151;;;;;;;;;;;;;
1152;;;;;;;;;;;;;
1153;;;;;;;;;;;;;
1154;;;;;;;;;;;;;
1155;;;;;;;;;;;;;
1156;;;;;;;;;;;;;
1157;;;;;;;;;;;;;
1158;;;;;;;;;;;;;
1159;;;;;;;;;;;;;
1160;;;;;;;;;;;;;
1161;;;;;;;;;;;;;
1162;;;;;;;;;;;;;
1163;;;;;;;;;;;;;
1164;;;;;;;;;;;;;
1165;;;;;;;;;;;;;
1166;;;;;;;;;;;;;
1167;RAPPELER;;;;;;;;;;;;
1168;;;;;;;;;;;;;
1169;;;;;;;;;;;;;
1170;;;;;;;;;;;;;
1171;;;;;;;;;;;;;
1172;;;;;;;;;;;;;
1173;;;;;;;;;;;;;
1174;RAPPELER;;;;;;;;;;;;
1175;;;;;;;;;;;;;
1176;;;;;;;;;;;;;
1177;;;;;;;;;;;;;
1178;RAPPELER;;;;;;;;;;;;
1179;RAPPELER;;;;;;;;;;;;1690277400
1180;;;;;;;;;;;;;
1181;;;;;;;;;;;;;
1182;RAPPELER;;;;;;;;;;;;
1183;;;;;;;;;;;;;
1184;;;;;;;;;;;;;
1185;;;;;;;;;;;;;
1186;;;;;;;;;;;;;
1187;;;;;;;;;;;;;
1188;CHECK;;;;;;;;;;;;
1189;;;;;;;;;;;;;
1190;RAPPELER;;;;;;;;;;;;
1191;;;;;;;;;;;;;
1192;;;;;;;;;;;;;
1193;;;;;;;;;;;;;
1194;;;;;;;;;;;;;
1195;RAPPELER;SEPT;;;;;;;;;;;1689242400
1196;RAPPELER;;;;;;;;;;;;
1197;;;;;;;;;;;;;
1198;;;;;;;;;;;;;
1199;;INFO FLO;;;;;;;;;;;
1200;RAPPELER;;;;;;;;;;;;
1201;RAPPELER;;;;;;;;;;;;
1202;;;;;;;;;;;;;
1203;;;;;;;;;;;;;
1204;;;;;;;;;;;;;
1205;;;;;;;;;;;;;
1206;;;;;;;;;;;;;
1207;RAPPELER;;;;;;;;;;;;
1208;;;;;;;;;;;;;
1209;RAPPELER;;;;;;;;;;;;
1210;RAPPELER;;;;;;;;;;;;
1211;;;;;;;;;;;;;
1212;;;;;;;;;;;;;
1213;;;;;;;;;;;;;
1214;;;;;;;;;;;;;
1215;RAPPELER;;;;;;;;;;;;
1216;;;;;;;;;;;;;
1217;;;;;;;;;;;;;
1218;;;;;;;;;;;;;
1219;;;;;;;;;;;;;
1220;;;;;;;;;;;;;
1221;;;;;;;;;;;;;
1222;RAPPELER;;;;;;;;;;;;
1223;;;;;;;;;;;;;
1224;RAPPELER;;;;;;;;;;;;
1225;RAPPELER;;;;;;;;;;;;
1226;;;;;;;;;;;;;
1227;;HÔP DE NEUILLY;;;;;;;;;;;
1228;;;;;;;;;;;;;
1229;;;;;;;;;;;;;
1230;RAPPELER;;;;;;;;;;;;
1231;RAPPELER;;;;;;;;;;;;
1232;CHECK;HÔP DE NEUILLY;;;;;;;;;;;
1233;;;;;;;;;;;;;
1234;;;;;;;;;;;;;
1235;;;;;;;;;;;;;
1236;RAPPELER;;;;;;;;;;;;
1237;;;;;;;;;;;;;
1238;;;;;;;;;;;;;
1239;;;;;;;;;;;;;
1240;RAPPELER;;;;;;;;;;;;
1241;RAPPELER;;;;;;;;;;;;
1242;;;;;;;;;;;;;
1243;;;;;;;;;;;;;
1244;;;;;;;;;;;;;
1245;;;;;;;;;;;;;
1246;;;;;;;;;;;;;
1247;;;;;;;;;;;;;
1248;RAPPELER;;;;;;;;;;;;
1249;;;;;;;;;;;;;
1250;;;;;;;;;;;;;
1251;;;;;;;;;;;;;
1252;;;;;;;;;;;;;
1253;;;;;;;;;;;;;
1254;;;;;;;;;;;;;
1255;;;;;;;;;;;;;
1256;;;;;;;;;;;;;
1257;;;;;;;;;;;;;
1258;;;;;;;;;;;;;
1259;RAPPELER;;;;;;;;;;;;
1260;;;;;;;;;;;;;
1261;;;;;;;;;;;;;
1262;;;;;;;;;;;;;
1263;;;;;;;;;;;;;
1264;1695310200;235A;;;;;;;;;;;
1265;;;;;;;;;;;;;
1266;;;;;;;;;;;;;
1267;;;;;;;;;;;;;
1268;;;;;;;;;;;;;
1269;;;;;;;;;;;;;
1270;;;;;;;;;;;;;
1271;;;;;;;;;;;;;
1272;CHECK;CDS ST-JACQUES;;;;;;;;;;;
1273;CHECK;CDS ST-JACQUES;;;;;;;;;;;
1274;CHECK;CDS ST-JACQUES;;;;;;;;;;;
1275;CHECK;CDS ST-JACQUES;;;;;;;;;;;
1276;CHECK;CDS ST-JACQUES;;;;;;;;;;;
1277;CHECK;CDS ST-JACQUES;;;;;;;;;;;
1278;CHECK;CDS ST-JACQUES;;;;;;;;;;;
1279;CHECK;CDS ST-JACQUES;;;;;;;;;;;
1280;CHECK;CDS ST-JACQUES;;;;;;;;;;;
1281;CHECK;CDS ST-JACQUES;;;;;;;;;;;
1282;CHECK;CDS ST-JACQUES;;;;;;;;;;;
1283;CHECK;CDS ST-JACQUES;;;;;;;;;;;
1284;CHECK;CDS ST-JACQUES;;;;;;;;;;;1694167200
1285;CHECK;CDS ST-JACQUES;;;;;;;;;;;
1286;CHECK;CDS ST-JACQUES;;;;;;;;;;;
1287;CHECK;CDS ST-JACQUES;;;;;;;;;;;
1288;CHECK;CDS ST-JACQUES;;;;;;;;;;;
1289;CHECK;CDS ST-JACQUES;;;;;;;;;;;
1290;CHECK;CDS ST-JACQUES;;;;;;;;;;;
1291;;;;;;;;;;;;;
1292;;;;;;;;;;;;;
1293;;;;;;;;;;;;;
1294;;;;;;;;;;;;;
1295;;;;;;;;;;;;;
1296;;;;;;;;;;;;;
1297;;;;;;;;;;;;;
1298;;;;;;;;;;;;;
1299;RAPPELER;;;;;;;;;;;;
1300;;;;;;;;;;;;;
1301;;;;;;;;;;;;;
1302;L;1er 3e mercredi;;;;;12:00:00;;;;;;1689948000
1303;RAPPELER;;;;;;;;;;;;
1304;;;;;;;;;;;;;
1305;;;;;;;;;;;;;
1306;;;;;;;;;;;;;
1307;;;;;;;;;;;;;
1308;;;;;;;;;;;;;
1309;;;;;;;;;;;;;
1310;;;;;;;;;;;;;
1311;;;;;;;;;;;;;
1312;;;;;;;;;;;;;
1313;;;;;;;;;;;;;
1314;;;;;;;;;;;;;
1315;;;;;;;;;;;;;
1316;;;;;;;;;;;;;
1317;;;;;;;;;;;;;
1318;;;;;;;;;;;;;
1319;RAPPELER;SEPT;;;;;;;;;;;1689152400
1320;;;;;;;;;;;;;
1321;;;;;;;;;;;;;
1322;;;;;;;;;;;;;
1323;;;;;;;;;;;;;
1324;;;;;;;;;;;;;
1325;;;;;;;;;;;;;
1326;;;;;;;;;;;;;
1327;;;;;;;;;;;;;
1328;;;;;;;;;;;;;
1329;;;;;;;;;;;;;
1330;;;;;;;;;;;;;
1331;;;;;;;;;;;;;
1332;;;;;;;;;;;;;
1333;;;;;;;;;;;;;
1334;RAPPELER;;;;;;;;;;;;
1335;;;;;;;;;;;;;
1336;;;;;;;;;;;;;
1337;CHECK;POINT GYN;;;;;;;;;;;
1338;;;;;;;;;;;;;
1339;;;;;;;;;;;;;
1340;RAPPELER;;;;;;;;;;;;
1341;RAPPELER;HÔP FRANCO-BRITANNIQUE;;;;;;;;;;;
1342;;;;;;;;;;;;;
1343;;HÔP FRANCO-BRITANNIQUE;;;;;;;;;;;
1344;;;;;;;;;;;;;
1345;;;;;;;;;;;;;
1346;;;;;;;;;;;;;
1347;;;;;;;;;;;;;
1348;;;;;;;;;;;;;
1349;;;;;;;;;;;;;
1350;;;;;;;;;;;;;
1351;;HÔP FRANCO-BRITANNIQUE;;;;;;;;;;;
1352;;;;;;;;;;;;;
1353;RAPPELER;HÔP FRANCO-BRITANNIQUE;;;;;;;;;;;
1354;;;;;;;;;;;;;
1355;;;;;;;;;;;;;
1356;;;;;;;;;;;;;
1357;;;;;;;;;;;;;
1358;;HÔP FRANCO-BRITANNIQUE;;;;;;;;;;;
1359;;;;;;;;;;;;;
1360;;;;;;;;;;;;;
1361;;;;;;;;;;;;;
1362;;;;;;;;;;;;;
1363;;;;;;;;;;;;;
1364;;;;;;;;;;;;;
1365;;;;;;;;;;;;;
1366;;;;;;;;;;;;;
1367;;;;;;;;;;;;;
1368;;;;;;;;;;;;;
1369;;;;;;;;;;;;;
1370;;;;;;;;;;;;;
1371;;;;;;;;;;;;;
1372;;;;;;;;;;;;;
1373;;;;;;;;;;;;;
1374;;;;;;;;;;;;;
1375;;;;;;;;;;;;;
1376;;;;;;;;;;;;;
1377;;;;;;;;;;;;;
1378;;;;;;;;;;;;;
1379;;;;;;;;;;;;;
1380;;;;;;;;;;;;;
1381;RAPPELER;;;;;;;;;;;;
1382;RAPPELER;;;;;;;;;;;;
1383;RAPPELER;;;;;;;;;;;;
1384;;;;;;;;;;;;;
1385;;;;;;;;;;;;;
1386;;;;;;;;;;;;;
1387;RAPPELER;;;;;;;;;;;;
1388;;;;;;;;;;;;;
1389;;;;;;;;;;;;;
1390;RAPPELER;;;;;;;;;;;;
1391;;;;;;;;;;;;;
1392;;;;;;;;;;;;;
1393;;;;;;;;;;;;;
1394;;;;;;;;;;;;;
1395;;;;;;;;;;;;;
1396;;;;;;;;;;;;;
1397;;;;;;;;;;;;;
1398;;;;;;;;;;;;;
1399;;;;;;;;;;;;;
1400;;;;;;;;;;;;;
1401;;;;;;;;;;;;;
1402;1693920600;;;;;;;;;;;;1688637600
1403;1693920600;;;;;;;;;;;;1688641200
1404;;;;;;;;;;;;;
1405;RAPPELER;;;;;;;;;;;;
1406;RAPPELER;;;;;;;;;;;;
1407;RAPPELER;;;;;;;;;;;;
1408;;;;;;;;;;;;;
1409;;;;;;;;;;;;;
1410;;;;;;;;;;;;;
1411;;;;;;;;;;;;;
1412;;;;;;;;;;;;;
1413;;;;;;;;;;;;;
1414;RAPPELER;;;;;;;;;;;;
1415;;;;;;;;;;;;;
1416;;;;;;;;;;;;;
1417;;;;;;;;;;;;;
1418;RAPPELER;;;;;;;;;;;;
1419;;;;;;;;;;;;;
1420;;;;;;;;;;;;;
1421;;;;;;;;;;;;;
1422;;;;;;;;;;;;;
1423;;;;;;;;;;;;;
1424;1696329000;;;;;;;;;;;;1689849000
1425;RAPPELER;SEPT;;;;;;;;;;;1688122800
1426;RAPPELER;SEPT;;;;;;;;;;;1688133600
1427;RAPPELER;;;;;;;;;;;;
1428;;;;;;;;;;;;;
1429;;;;;;;;;;;;;
1430;;;;;;;;;;;;;
1431;;;;;;;;;;;;;
1432;;;;;;;;;;;;;
1433;;;;;;;;;;;;;
1434;RAPPELER;;;;;;;;;;;;
1435;RAPPELER;;;;;;;;;;;;
1436;RAPPELER;;;;;;;;;;;;
1437;RAPPELER;;;;;;;;;;;;
1438;RAPPELER;;;;;;;;;;;;
1439;RAPPELER;;;;;;;;;;;;
1440;;;;;;;;;;;;;
1441;;;;;;;;;;;;;
1442;;;;;;;;;;;;;
1443;;;;;;;;;;;;;
1444;;;;;;;;;;;;;
1445;RETRAITE;;;;;;;;;;;;
1446;RAPPELER;;;;;;;;;;;;
1447;;;;;;;;;;;;;
1448;;;;;;;;;;;;;
1449;;;;;;;;;;;;;
1450;;;;;;;;;;;;;
1451;;;;;;;;;;;;;
1452;;;;;;;;;;;;;
1453;;;;;;;;;;;;;
1454;;;;;;;;;;;;;
1455;;;;;;;;;;;;;
1456;CHECK;CLI DE LA MUETTE;;;;;;;;;;;
1457;;;;;;;;;;;;;
1458;;;;;;;;;;;;;
1459;;;;;;;;;;;;;
1460;;;;;;;;;;;;;
1461;;;;;;;;;;;;;
1462;;;;;;;;;;;;;
1463;CHECK;CLI DE LA MUETTE;;;;;;;;;;;
1464;;;;;;;;;;;;;
1465;;;;;;;;;;;;;
1466;;;;;;;;;;;;;
1467;;;;;;;;;;;;;
1468;;;;;;;;;;;;;
1469;;;;;;;;;;;;;
1470;;;;;;;;;;;;;
1471;;;;;;;;;;;;;
1472;;;;;;;;;;;;;
1473;;;;;;;;;;;;;
1474;;;;;;;;;;;;;
1475;;;;;;;;;;;;;
1476;CHECK;;;;;;;;;;;;
1477;CHECK;;;;;;;;;;;;
1478;CHECK;;;;;;;;;;;;
1479;;;;;;;;;;;;;
1480;;;;;;;;;;;;;
1481;;;;;;;;;;;;;
1482;;;;;;;;;;;;;
1483;;;;;;;;;;;;;
1484;;;;;;;;;;;;;
1485;;;;;;;;;;;;;
1486;;;;;;;;;;;;;
1487;;;;;;;;;;;;;
1488;;;;;;;;;;;;;
1489;RAPPELER;;;;;;;;;;;;
1490;;;;;;;;;;;;;
1491;;;;;;;;;;;;;
1492;;;;;;;;;;;;;
1493;;;;;;;;;;;;;
1494;;;;;;;;;;;;;
1495;;;;;;;;;;;;;
1496;;;;;;;;;;;;;
1497;;;;;;;;;;;;;
1498;;;;;;;;;;;;;
1499;;;;;;;;;;;;;
1500;;;;;;;;;;;;;
1501;;;;;;;;;;;;;
1502;;;;;;;;;;;;;
1503;;;;;;;;;;;;;
1504;;;;;;;;;;;;;
1505;;;;;;;;;;;;;
1506;;;;;;;;;;;;;
1507;;;;;;;;;;;;;
1508;;;;;;;;;;;;;
1509;;;;;;;;;;;;;
1510;;;;;;;;;;;;;
1511;;;;;;;;;;;;;
1512;;;;;;;;;;;;;
1513;;;;;;;;;;;;;
1514;;;;;;;;;;;;;
1515;;;;;;;;;;;;;
1516;;;;;;;;;;;;;
1517;;;;;;;;;;;;;
1518;;;;;;;;;;;;;
1519;;;;;;;;;;;;;
1520;;;;;;;;;;;;;
1521;;;;;;;;;;;;;
1522;;;;;;;;;;;;;
1523;;;;;;;;;;;;;
1524;;;;;;;;;;;;;
1525;;;;;;;;;;;;;
1526;;;;;;;;;;;;;
1527;;;;;;;;;;;;;
1528;;;;;;;;;;;;;
1529;;;;;;;;;;;;;
1530;;;;;;;;;;;;;
1531;;;;;;;;;;;;;
1532;;;;;;;;;;;;;
1533;RAPPELER;;;;;;;;;;;;
1534;;;;;;;;;;;;;
1535;;;;;;;;;;;;;
1536;;;;;;;;;;;;;
1537;RAPPELER;;;;;;;;;;;;
1538;;;;;;;;;;;;;
1539;;;;;;;;;;;;;
1540;;;;;;;;;;;;;
1541;;;;;;;;;;;;;
1542;;;;;;;;;;;;;
1543;;;;;;;;;;;;;
1544;L;REPRODUCTION;;;;;;;;;;;1689606000
1545;L;;;;;14-16;;;;14-16;;;1689602400
1546;RAPPELER;;;;;;;;;;;;
1547;;;;;;;;;;;;;
1548;RAPPELER;;;;;;;;;;;;
1549;;;;;;;;;;;;;
1550;;;;;;;;;;;;;
1551;;;;;;;;;;;;;
1552;;;;;;;;;;;;;
1553;RAPPELER;;;;;;;;;;;;
1554;;;;;;;;;;;;;
1555;;;;;;;;;;;;;
1556;;;;;;;;;;;;;
1557;;;;;;;;;;;;;
1558;;;;;;;;;;;;;
1559;;;;;;;;;;;;;
1560;;;;;;;;;;;;;
1561;;;;;;;;;;;;;
1562;;;;;;;;;;;;;
1563;;;;;;;;;;;;;
1564;;;;;;;;;;;;;
1565;;;;;;;;;;;;;
1566;;;;;;;;;;;;;
1567;RAPPELER;;;;;;;;;;;;
1568;;;;;;;;;;;;;
1569;;;;;;;;;;;;;
1570;;;;;;;;;;;;;
1571;RAPPELER;;;;;;;;;;;;
1572;;;;;;;;;;;;;
1573;;;;;;;;;;;;;
1574;;;;;;;;;;;;;
1575;RAPPELER;;;;;;;;;;;;1690191000
1576;;;;;;;;;;;;;
1577;;;;;;;;;;;;;
1578;RAPPELER;;;;;;;;;;;;
1579;;;;;;;;;;;;;
1580;;;;;;;;;;;;;
1581;;;;;;;;;;;;;
1582;;;;;;;;;;;;;
1583;RAPPELER;;;;;;;;;;;;
1584;RAPPELER;;;;;;;;;;;;1689764400
1585;;;;;;;;;;;;;
1586;RAPPELER;;;;;;;;;;;;
1587;;;;;;;;;;;;;
1588;RAPPELER;;;;;;;;;;;;
1589;;;;;;;;;;;;;
1590;;;;;;;;;;;;;
1591;;;;;;;;;;;;;
1592;;;;;;;;;;;;;
1593;;;;;;;;;;;;;
1594;;;;;;;;;;;;;
1595;;;;;;;;;;;;;
1596;;;;;;;;;;;;;
1597;RAPPELER;;;;;ok;;ok;;ok;;;
1598;;;;;;;;;;;;;
1599;;;;;;;;;;;;;
1600;;;;;;;;;;;;;
1601;;;;;;;;;;;;;
1602;RAPPELER;;;;;;;;;;;;
1603;;;;;;;;;;;;;
1604;;;;;;;;;;;;;
1605;;;;;;;;;;;;;
1606;;;;;;;;;;;;;
1607;;;;;;;;;;;;;
1608;;;;;;;;;;;;;
1609;;;;;;;;;;;;;
1610;;;;;;;;;;;;;
1611;;;;;;;;;;;;;
1612;;;;;;;;;;;;;
1613;;;;;;;;;;;;;
1614;;;;;;;;;;;;;
1615;;;;;;;;;;;;;
1616;;;;;;;;;;;;;
1617;;;;;;;;;;;;;
1618;;;;;;;;;;;;;
1619;;;;;;;;;;;;;
1620;RAPPELER;;;;;;;;;;;;
1621;RAPPELER;SEPT;;;;;;;;;;;1688979600
1622;RAPPELER;SEPT;;;;;;;;;;;1688983200
1623;;;;;;;;;;;;;
1624;;;;;;;;;;;;;
1625;;;;;;;;;;;;;
1626;;;;;;;;;;;;;
1627;RAPPELER;;;;;;;;;;;;
1628;;;;;;;;;;;;;
1629;;;;;;;;;;;;;
1630;;;;;;;;;;;;;
1631;;;;;;;;;;;;;
1632;RAPPELER;;;;;;;;;;;;
1633;;;;;;;;;;;;;
1634;;;;;;;;;;;;;
1635;;;;;;;;;;;;;
1636;;;;;;;;;;;;;
1637;;;;;;;;;;;;;
1638;;;;;;;;;;;;;
1639;;;;;;;;;;;;;
1640;;;;;;;;;;;;;
1641;;;;;;;;;;;;;
1642;RAPPELER;;;;;;;;;;;;
1643;RAPPELER;;;;;;;;;;;;1690376400
1644;;;;;;;;;;;;;
1645;RAPPELER;;;;;;;;;;;;
1646;;;;;;;;;;;;;
1647;RAPPELER;;;;;;;;;;;;
1648;;;;;;;;;;;;;
1649;;;;;;;;;;;;;
1650;RAPPELER;;;;;;;;;;;;
1651;;;;;;;;;;;;;1689508800
1652;;;;;;;;;;;;;
1653;RAPPELER;;;;;;;;;;;;
1654;CHECK;COSEM;;;;;;;;;;;
1655;;;;;;;;;;;;;
1656;;COSEM;;;;;;;;;;;
1657;;COSEM;;;;;;;;;;;
1658;;;;;;;;;;;;;
1659;;COSEM;;;;;;;;;;;
1660;;;;;;;;;;;;;
1661;RAPPELER;;;;;;;;;;;;
1662;;;;;;;;;;;;;1690369200
1663;;;;;;;;;;;;;
1664;;;;;;;;;;;;;
1665;RAPPELER;;;;;;;;;;;;
1666;RAPPELER;;;;;;;;;;;;
1667;;;;;;;;;;;;;
1668;RAPPELER;;;;;;;;;;;;
1669;;;;;;;;;;;;;
1670;;;;;;;;;;;;;
1671;;;;;;;;;;;;;
1672;RAPPELER;;;;;;;;;;;;
1673;;;;;;;;;;;;;
1674;;;;;;;;;;;;;
1675;;;;;;;;;;;;;
1676;;;;;;;;;;;;;
1677;;;;;;;;;;;;;
1678;;;;;;;;;;;;;
1679;;;;;;;;;;;;;
1680;;;;;;;;;;;;;
1681;;;;;;;;;;;;;
1682;;;;;;;;;;;;;
1683;;;;;;;;;;;;;
1684;;;;;;;;;;;;;
1685;;;;;;;;;;;;;
1686;;;;;;;;;;;;;
1687;;;;;;;;;;;;;
1688;RAPPELER;;;;;;;;;;;;
1689;;;;;;;;;;;;;
1690;;;;;;;;;;;;;
1691;;;;;;;;;;;;;
1692;;;;;;;;;;;;;
1693;;;;;;;;;;;;;
1694;;;;;;;;;;;;;
1695;;;;;;;;;;;;;
1696;;;;;;;;;;;;;
1697;;;;;;;;;;;;;
1698;;;;;;;;;;;;;
1699;;;;;;;;;;;;;
1700;;;;;;;;;;;;;
1701;;;;;;;;;;;;;
1702;;;;;;;;;;;;;
1703;;;;;;;;;;;;;
1704;;;;;;;;;;;;;
1705;;;;;;;;;;;;;
1706;;;;;;;;;;;;;
1707;;;;;;;;;;;;;
1708;;;;;;;;;;;;;
1709;;;;;;;;;;;;;
1710;;;;;;;;;;;;;
1711;;;;;;;;;;;;;
1712;;;;;;;;;;;;;
1713;;;;;;;;;;;;;
1714;;;;;;;;;;;;;
1715;;;;;;;;;;;;;
1716;;;;;;;;;;;;;
1717;;;;;;;;;;;;;
1718;;;;;;;;;;;;;
1719;;;;;;;;;;;;;
1720;;;;;;;;;;;;;
1721;;;;;;;;;;;;;
1722;;;;;;;;;;;;;
1723;;;;;;;;;;;;;
1724;RAPPELER;;;;;;;;;;;;
1725;RAPPELER;SEPT;;;;;;;;;;;1688464800
1726;;;;;;;;;;;;;
1727;;;;;;;;;;;;;
1728;;;;;;;;;;;;;
1729;RAPPELER;;;;;;;;;;;;
1730;;;;;;;;;;;;;
1731;;;;;;;;;;;;;
1732;;;;;;;;;;;;;
1733;RAPPELER;;;;;;;;;;;;1689843600
1734;;;;;;;;;;;;;
1735;RAPPELER;;;;;;;;;;;;
1736;;;;;;;;;;;;;
1737;;;;;;;;;;;;;
1738;;;;;;;;;;;;;
1739;;;;;;;;;;;;;
1740;;;;;;;;;;;;;
1741;;;;;;;;;;;;;
1742;;;;;;;;;;;;;
1743;;;;;;;;;;;;;
1744;1696417200;;;;;;;;;;;;1688482800
1745;;;;;;;;;;;;;
1746;;;;;;;;;;;;;
1747;CHECK;;;;;;;;;;;;
1748;CHECK;;;;;;;;;;;;
1749;;;;;;;;;;;;;
1750;;;;;;;;;;;;;
1751;;;;;;;;;;;;;
1752;;;;;;;;;;;;;
1753;;;;;;;;;;;;;
1754;;;;;;;;;;;;;
1755;;;;;;;;;;;;;
1756;;;;;;;;;;;;;
1757;;;;;;;;;;;;;
1758;;;;;;;;;;;;;
1759;;;;;;;;;;;;;
1760;;;;;;;;;;;;;
1761;;;;;;;;;;;;;
1762;;;;;;;;;;;;;
1763;;;;;;;;;;;;;
1764;;;;;;;;;;;;;
1765;RAPPELER;;;;;;;;;;;;
1766;;;;;;;;;;;;;
1767;;;;;;;;;;;;;
1768;;;;;;;;;;;;;
1769;RAPPELER;HÔP AMÉRICAIN;;;;;;;;;;;
1770;;;;;;;;;;;;;
1771;;HÔP AMÉRICAIN;;;;;;;;;;;
1772;RAPPELER;;;;;;;;;;;;
1773;RAPPELER;;;;;;;;;;;;
1774;RAPPELER;;;;;;;;;;;;
1775;;;;;;;;;;;;;
1776;RAPPELER;;;;;;;;;;;;
1777;RAPPELER;;;;;;;;;;;;
1778;;;;;;;;;;;;;
1779;;;;;;;;;;;;;
1780;;;;;;;;;;;;;
1781;;;;;;;;;;;;;
1782;;;;;;;;;;;;;
1783;RAPPELER;;;;;;;;;;;;
1784;RAPPELER;HÔP AMÉRICAIN;;;;;;;;;;;
1785;RAPPELER;;;;;;;;;;;;1689777000
1786;;;;;;;;;;;;;
1787;RAPPELER;;;;;;;;;;;;
1788;RAPPELER;;;;;;;;;;;;
1789;;;;;;;;;;;;;
1790;;;;;;;;;;;;;
1791;;;;;;;;;;;;;
1792;RAPPELER;;;;;;;;;;;;
1793;;;;;;;;;;;;;
1794;;;;;;;;;;;;;
1795;RAPPELER;;;;;;;;;;;;
1796;;;;;;;;;;;;;
1797;RAPPELER;;;;;;;;;;;;1690284600
1798;;;;;;;;;;;;;
1799;;;;;;;;;;;;;
1800;;;;;;;;;;;;;
1801;;;;;;;;;;;;;
1802;;;;;;;;;;;;;
1803;;;;;;;;;;;;;
1804;;;;;;;;;;;;;
1805;;;;;;;;;;;;;
1806;;;;;;;;;;;;;
1807;CHECK;;;;;;;;;;;;
1808;;;;;;;;;;;;;
1809;;;;;;;;;;;;;
1810;;;;;;;;;;;;;
1811;;;;;;;;;;;;;
1812;;;;;;;;;;;;;
1813;;;;;;;;;;;;;
1814;CHECK;;;;;;;;;;;;1690471800
1815;CHECK;;;;;;;;;;;;1690466400
1816;;;;;;;;;;;;;
1817;;;;;;;;;;;;;
1818;RAPPELER;SEPT;;;;;;;;;;;1689588000
1819;RAPPELER;;;;;;;;;;;;
1820;RAPPELER;INFO FLO;;;;;;;;;;;
1821;RAPPELER;INFO FLO;;;;;;;;;;;
1822;;;;;;;;;;;;;
1823;;;;;;;;;;;;;
1824;;;;;;;;;;;;;
1825;;;;;;;;;;;;;
1826;;;;;;;;;;;;;
1827;;;;;;;;;;;;;
1828;CHECK;;;;;;;;;;;;
1829;;;;;;;;;;;;;
1830;;;;;;;;;;;;;
1831;;;;;;;;;;;;;
1832;RAPPELER;SEPT;;;;;;;;;;;1689069600
1833;;;;;;;;;;;;;
1834;;;;;;;;;;;;;
1835;;;;;;;;;;;;;
1836;;;;;;;;;;;;;
1837;;;;;;;;;;;;;
1838;;;;;;;;;;;;;
1839;;;;;;;;;;;;;
1840;;;;;;;;;;;;;
1841;;;;;;;;;;;;;
1842;;;;;;;;;;;;;
1843;;;;;;;;;;;;;
1844;;;;;;;;;;;;;
1845;;;;;;;;;;;;;
1846;;;;;;;;;;;;;
1847;;;;;;;;;;;;;
1848;;;;;;;;;;;;;
1849;;;;;;;;;;;;;
1850;;;;;;;;;;;;;
1851;;;;;;;;;;;;;
1852;;;;;;;;;;;;;
1853;;;;;;;;;;;;;
1854;;;;;;;;;;;;;
1855;;;;;;;;;;;;;
1856;;;;;;;;;;;;;
1857;RAPPELER;;;;;;;;;;;;
1858;;;;;;;;;;;;;
1859;;;;;;;;;;;;;
1860;;;;;;;;;;;;;
1861;;;;;;;;;;;;;
1862;;;;;;;;;;;;;
1863;;;;;;;;;;;;;
1864;;;;;;;;;;;;;
1865;;;;;;;;;;;;;
1866;;;;;;;;;;;;;
1867;;;;;;;;;;;;;
1868;;;;;;;;;;;;;
1869;;;;;;;;;;;;;
1870;;;;;;;;;;;;;
1871;;;;;;;;;;;;;
1872;;;;;;;;;;;;;
1873;;;;;;;;;;;;;
1874;;;;;;;;;;;;;
1875;;;;;;;;;;;;;
1876;;;;;;;;;;;;;
1877;;;;;;;;;;;;;
1878;;;;;;;;;;;;;
1879;;;;;;;;;;;;;
1880;;;;;;;;;;;;;
1881;CHECK;INSCR. MA 14:00;;;;;;;;;;;1688472000
1882;;;;;;;;;;;;;
1883;;;;;;;;;;;;;
1884;;;;;;;;;;;;;
1885;;;;;;;;;;;;;
1886;;;;;;;;;;;;;
1887;;;;;;;;;;;;;
1888;;;;;;;;;;;;;
1889;;;;;;;;;;;;;
1890;;;;;;;;;;;;;
1891;;;;;;;;;;;;;
1892;CHECK;;;;;;;;;;;;1690453800
1893;;;;;;;;;;;;;
1894;;;;;;;;;;;;;
1895;;;;;;;;;;;;;
1896;;;;;;;;;;;;;
1897;;;;;;;;;;;;;
1898;;;;;;;;;;;;;
1899;RAPPELER;app am;;;;;;;;;;;
1900;;;;;;;;;;;;;
1901;RAPPELER;SEPT;;;;;;;;;;;1689260400
1902;;;;;;;;;;;;;
1903;;;;;;;;;;;;;
1904;RAPPELER;;;;;;;;;;;;
1905;;;;;;;;;;;;;
1906;;;;;;;;;;;;;
1907;;;;;;;;;;;;;
1908;;;;;;;;;;;;;
1909;;;;;;;;;;;;;
1910;;;;;;;;;;;;;
1911;;;;;;;;;;;;;
1912;RAPPELER;;;;;;;;;;;;
1913;;;;;;;;;;;;;
1914;;;;;;;;;;;;;
1915;CHECK;;;;;;;;;;;;
1916;;;;;;;;;;;;;
1917;;;;;;;;;;;;;
1918;;;;;;;;;;;;;
1919;RAPPELER;;;;;;;;;;;;
1920;;;;;;;;;;;;;
1921;;;;;;;;;;;;;
1922;RAPPELER;;;;;;;;;;;;1690536600
1923;;;;;;;;;;;;;
1924;;;;;;;;;;;;;
1925;;;;;;;;;;;;;
1926;;;;;;;;;;;;;
1927;;;;;;;;;;;;;
1928;;;;;;;;;;;;;1688029200
1929;;;;;;;;;;;;;
1930;;;;;;;;;;;;;
1931;RAPPELER;;;;;;;;;;;;
1932;;;;;;;;;;;;;
1933;;;;;;;;;;;;;
1934;;;;;;;;;;;;;
1935;;;;;;;;;;;;;
1936;;;;;;;;;;;;;
1937;;;;;;;;;;;;;
1938;;;;;;;;;;;;;
1939;;;;;;;;;;;;;
1940;RAPPELER;APP AM;;;;;;;;;;;
1941;;;;;;;;;;;;;
1942;;;;;;;;;;;;;
1943;;;;;;;;;;;;;
1944;RAPPELER;;;;;;;;;;;;
1945;;;;;;;;;;;;;
1946;1695124200;;;;;;;;;;;;1688374800
1947;;;;;;;;;;;;;
1948;;;;;;;;;;;;;
1949;;;;;;;;;;;;;
1950;;;;;;;;;;;;;
1951;;;;;;;;;;;;;
1952;;;;;;;;;;;;;
1953;;;;;;;;;;;;;
1954;;;;;;;;;;;;;
1955;;;;;;;;;;;;;
1956;;;;;;;;;;;;;
1957;;;;;;;;;;;;;
1958;RAPPELER;;;;;;;;;;;;
1959;;;;;;;;;;;;;
1960;;;;;;;;;;;;;
1961;;;;;;;;;;;;;
1962;;;;;;;;;;;;;
1963;;;;;;;;;;;;;
1964;;;;;;;;;;;;;
1965;;;;;;;;;;;;;
1966;;;;;;;;;;;;;
1967;;;;;;;;;;;;;
1968;;;;;;;;;;;;;
1969;;;;;;;;;;;;;
1970;RAPPELER;;;;;;;;;;;;
1971;;;;;;;;;;;;;
1972;;;;;;;;;;;;;
1973;;;;;;;;;;;;;
1974;;;;;;;;;;;;;
1975;;;;;;;;;;;;;
1976;;;;;;;;;;;;;
1977;RAPPELER;;;;;;;;;;;;
1978;;;;;;;;;;;;;
1979;RAPPELER;;;;;;;;;;;;
1980;RAPPELER;;;;;;;;;;;;
1981;;;;;;;;;;;;;
1982;;;;;;;;;;;;;
1983;;;;;;;;;;;;;
1984;;;;;;;;;;;;;
1985;1695132000;;;;;;;;;;;;1688378400
1986;;;;;;;;;;;;;
1987;;;;;;;;;;;;;
1988;;;;;;;;;;;;;
1989;;;;;;;;;;;;;
1990;;;;;;;;;;;;;
1991;;;;;;;;;;;;;
1992;RAPPELER;;;;;;;;;;;;
1993;;;;;;;;;;;;;
1994;;;;;;;;;;;;;
1995;;;;;;;;;;;;;
1996;RAPPELER;;;;;;;;;;;;
1997;RAPPELER;;;;;;;;;;;;
1998;;;;;;;;;;;;;
1999;;;;;;;;;;;;;
2000;;;;;;;;;;;;;
2001;;;;;;;;;;;;;
2002;RAPPELER;;;;;;;;;;;;
2003;;;;;;;;;;;;;
2004;RAPPELER;;;;;;;;;;;;
2005;;;;;;;;;;;;;
2006;;;;;;;;;;;;;
2007;RAPPELER;;;;;;;;;;;;
2008;RAPPELER;;;;;;;;;;;;
2009;;;;;;;;;;;;;
2010;;;;;;;;;;;;;
2011;;;;;;;;;;;;;
2012;;;;;;;;;;;;;
2013;;;;;;;;;;;;;
2014;;;;;;;;;;;;;
2015;;;;;;;;;;;;;
2016;;;;;;;;;;;;;
2017;;;;;;;;;;;;;
2018;;;;;;;;;;;;;
2019;;;;;;;;;;;;;
2020;;;;;;;;;;;;;
2021;;;;;;;;;;;;;
2022;;;;;;;;;;;;;
2023;CHECK;CLI STE-THÉRÈSE;;;;;;;;;;;1689696000
2024;RAPPELER;;;;;;;;;;;;
2025;RAPPELER;;;;;;;;;;;;
2026;RAPPELER;;;;;;;;;;;;
2027;;;;;;;;;;;;;
2028;RAPPELER;;;;;;;;;;;;
2029;;;;;;;;;;;;;
2030;;;;;;;;;;;;;
2031;;;;;;;;;;;;;
2032;;;;;;;;;;;;;
2033;;;;;;;;;;;;;
2034;;;;;;;;;;;;;
2035;;;;;;;;;;;;;
2036;;;;;;;;;;;;;
2037;;;;;;;;;;;;;
2038;;;;;;;;;;;;;
2039;;;;;;;;;;;;;
2040;;;;;;;;;;;;;
2041;;;;;;;;;;;;;
2042;;;;;;;;;;;;;
2043;;;;;;;;;;;;;
2044;L;;;14:00:00;;14:00:00;;;;;;;1688997600
2045;;;;;;;;;;;;;
2046;RAPPELER;;;;;;;;;;;;
2047;;;;;;;;;;;;;
2048;;;;;;;;;;;;;
2049;;;;;;;;;;;;;
2050;RAPPELER;;;;;;;;;;;;
2051;;;;;;;;;;;;;
2052;RAPPELER;;;;;;;;;;;;
2053;RAPPELER;;;;;;;;;;;;
2054;;;;;;;;;;;;;
2055;;;;;;;;;;;;;
2056;;;;;;;;;;;;;
2057;;;;;;;;;;;;;
2058;;;;;;;;;;;;;
2059;;;;;;;;;;;;;
2060;;;;;;;;;;;;;
2061;;;;;;;;;;;;;
2062;;;;;;;;;;;;;
2063;;;;;;;;;;;;;
2064;;;;;;;;;;;;;
2065;;;;;;;;;;;;;
2066;;;;;;;;;;;;;
2067;;;;;;;;;;;;;
2068;RAPPELER;;;;;;;;;;;;
2069;;;;;;;;;;;;;
2070;;;;;;;;;;;;;
2071;;;;;;;;;;;;;
2072;;;;;;;;;;;;;
2073;RAPPELER;;;;;;;;;;;;1688571000
2074;RAPPELER;;;;;;;;;;;;1689937200
2075;;ESTHETIQUE;;;;;;;;;;;
2076;;ESTHETIQUE;;;;;;;;;;;
2077;;ESTHETIQUE;;;;;;;;;;;
